date,ct.-regular gasoline-company outlets refiner_gasoline price (nominal),ct.-regular gasoline-other users refiner_gasoline price (nominal),ct.-regular gasoline-wholesale/resale refiner_gasoline price (nominal),ct.-total gasoline-company outlets refiner_gasoline price (nominal),ct.-total gasoline-other users refiner_gasoline price (nominal),ct.-total gasoline-wholesale/resale refiner_gasoline price (nominal),ma.-regular gasoline-company outlets refiner_gasoline price (nominal),ma.-regular gasoline-other users refiner_gasoline price (nominal),ma.-regular gasoline-wholesale/resale refiner_gasoline price (nominal),ma.-total gasoline-company outlets refiner_gasoline price (nominal),ma.-total gasoline-other users refiner_gasoline price (nominal),ma.-total gasoline-wholesale/resale refiner_gasoline price (nominal),me.-regular gasoline-company outlets refiner_gasoline price (nominal),me.-regular gasoline-other users refiner_gasoline price (nominal),me.-regular gasoline-wholesale/resale refiner_gasoline price (nominal),me.-total gasoline-company outlets refiner_gasoline price (nominal),me.-total gasoline-other users refiner_gasoline price (nominal),me.-total gasoline-wholesale/resale refiner_gasoline price (nominal),nh.-regular gasoline-company outlets refiner_gasoline price (nominal),nh.-regular gasoline-other users refiner_gasoline price (nominal),nh.-regular gasoline-wholesale/resale refiner_gasoline price (nominal),nh.-total gasoline-company outlets refiner_gasoline price (nominal),nh.-total gasoline-other users refiner_gasoline price (nominal),nh.-total gasoline-wholesale/resale refiner_gasoline price (nominal),padd1a-regular gasoline-company outlets refiner_gasoline price (nominal),padd1a-regular gasoline-other users refiner_gasoline price (nominal),padd1a-regular gasoline-wholesale/resale refiner_gasoline price (nominal),padd1a-total gasoline-company outlets refiner_gasoline price (nominal),padd1a-total gasoline-other users refiner_gasoline price (nominal),padd1a-total gasoline-wholesale/resale refiner_gasoline price (nominal),ri.-regular gasoline-company outlets refiner_gasoline price (nominal),ri.-regular gasoline-other users refiner_gasoline price (nominal),ri.-regular gasoline-wholesale/resale refiner_gasoline price (nominal),ri.-total gasoline-company outlets refiner_gasoline price (nominal),ri.-total gasoline-other users refiner_gasoline price (nominal),ri.-total gasoline-wholesale/resale refiner_gasoline price (nominal)
1983-01-01,1.115,,,1.093,,,,.967,,1.004,,,1.04,,,,.951,,,.976,,,,.959,,.969,,1.009,,,1.007,,,,.919,
1983-02-01,1.072,,,,,.917,,,.916,,,.912,.991,,,,,.888,,.943,,,.931,,.98,,,.971,,,.966,,,,,.902
1983-03-01,.975,,,.957,,,.939,,,.929,,,,,.868,,.898,,.936,,,,.898,,.941,,,,.889,,,.89,,.929,,
1983-04-01,.941,,,.924,,,.97,,,.956,,,,.936,,,.92,,.967,,,.954,,,,,.913,,.914,,.991,,,.964,,
1983-05-01,,,.933,,.931,,1.005,,,,,.939,,.964,,.987,,,,,.953,.981,,,,,.941,.989,,,,.938,,,.93,
1983-06-01,.998,,,,,.929,1.006,,,.994,,,1.011,,,,.935,,,,.956,,.95,,,,.942,,,.934,1.027,,,,.929,
1983-07-01,,,.946,,.947,,,.959,,1.002,,,1.034,,,1.019,,,,,.959,1.009,,,,,.952,1.006,,,,,.952,1.018,,
1983-08-01,,.942,,.981,,,1.011,,,,,.942,,,.949,,.949,,,.969,,,,.953,,.951,,,.948,,.99,,,,.945,
1983-09-01,,,.939,,,.936,,.949,,,,.935,,.952,,,,.925,,,.953,.989,,,1.003,,,,,.935,,,.941,,,.937
1983-10-01,.986,,,.973,,,.986,,,,.921,,.994,,,,.93,,,,.936,,,.932,,,.923,,.916,,,,.909,.968,,
1983-11-01,,,.905,,.905,,,.91,,,,.894,,.922,,,.908,,,,.914,.957,,,,.907,,,,.898,,.896,,,,.896
1983-12-01,,,.882,,.869,,.945,,,,.872,,,.895,,.93,,,.944,,,,.872,,,,.868,,.873,,.934,,,,.867,
1984-01-01,,,.879,,.863,,,.848,,,,.856,.914,,,.907,,,,,.872,.919,,,.925,,,,,.863,,,.859,,.858,
1984-02-01,,,.868,.913,,,.914,,,,.861,,,.886,,,.877,,,,.88,.895,,,,,.864,,.865,,,.87,,,,.852
1984-03-01,,.869,,.91,,,.909,,,,,.863,,,.878,.907,,,,.878,,,.869,,,.871,,.905,,,,,.856,,.846,
1984-04-01,,,.873,.923,,,,,.875,,.859,,,.9,,.912,,,,,.888,,.873,,,.864,,.915,,,,.873,,.894,,
1984-05-01,,.877,,,.872,,,,.87,,,.869,,.895,,,.884,,,.884,,.912,,,,.876,,,.871,,.889,,,.894,,
1984-06-01,,,.862,.927,,,,.861,,,.857,,.917,,,.917,,,,,.874,,,.872,,.867,,,.86,,,.864,,,.854,
1984-07-01,,.845,,,,.844,.9,,,,,.84,,.859,,,.847,,,,.848,,,.838,.9,,,.906,,,.874,,,.88,,
1984-08-01,,,.835,.898,,,,.827,,,.826,,,.855,,.896,,,.891,,,,.819,,,,.831,,,.831,,,.826,,.83,
1984-09-01,,,.847,,.84,,.9,,,.908,,,,,.838,,.845,,.895,,,,.853,,.896,,,,,.85,,.853,,,.844,
1984-10-01,,,.849,,.836,,.891,,,,.844,,,.872,,,,.831,,.829,,.898,,,,.847,,,.842,,,,.851,.882,,
1984-11-01,,.838,,,.832,,,,.842,.9,,,,.858,,,,.81,,.842,,,.836,,.885,,,,.821,,.869,,,,.842,
1984-12-01,,,.823,,.812,,.875,,,,,.805,,.83,,,.805,,.878,,,,.817,,,,.812,.886,,,.863,,,,,.82
1985-01-01,,,.793,,.784,,,,.792,,,.794,,,.763,,.792,,,.795,,.868,,,.888,,,,,.79,.848,,,,.793,
1985-02-01,,.799,,,,.806,,.802,,,.801,,,,.788,,,.777,.854,,,.854,,,,,.802,,.8,,,.797,,,,.797
1985-03-01,,,.841,,,.848,.883,,,,.825,,.871,,,.857,,,.874,,,.876,,,,.829,,,.829,,.87,,,,,.838
1985-04-01,,,.873,.923,,,,,.866,,.834,,,.885,,.889,,,,.856,,,,.879,,,.871,,.848,,,.855,,.895,,
1985-05-01,.963,,,,.874,,.944,,,.949,,,,,,,,.873,,,.897,,.874,,.941,,,.941,,,,,.891,.92,,
1985-06-01,,.893,,,.886,,,.886,,.97,,,,,.896,,,,,,.908,,.885,,.961,,,,.873,,,.89,,.949,,
1985-07-01,,,.906,,.899,,.977,,,,.884,,,,.9,,,.893,,,.912,,,.914,,.901,,,.892,,,,.897,,.889,
1985-08-01,.96,,,,.878,,,.884,,,,.885,,.898,,,,.876,,.877,,,,.884,,,.877,,,.889,.952,,,.956,,
1985-09-01,,,.873,,,.883,,,.852,,.853,,,.892,,,.877,,,,.873,,,.881,,.863,,,,.874,,,.855,,,.867
1985-10-01,,.872,,.948,,,.96,,,,,.891,,,.865,,.885,,,.868,,.948,,,,.84,,,,.887,.935,,,,.86,
1985-11-01,,.887,,,.891,,,,.886,,.883,,,.914,,,.908,,,.881,,,,.906,,.888,,,,.902,,.879,,.971,,
1985-12-01,,.884,,,.884,,,.873,,,,.896,,,,,,,.956,,,,.863,,,,.882,.972,,,,,.868,,,.884
1986-01-01,,.853,,,,.874,,.829,,.982,,,,,.82,,,,,.82,,,,.844,,.842,,.971,,,,.827,,.952,,
1986-02-01,,.784,,,.77,,,.766,,,,.778,,.84,,,,,,,.749,,,.764,.915,,,,.772,,.886,,,.908,,
1986-03-01,,.622,,,,.651,.776,,,,.618,,,.696,,,,.531,.753,,,,,.615,,.612,,,,.623,.744,,,,,.587
1986-04-01,,,.544,.672,,,.641,,,,.535,,,,.478,,,.485,,.519,,,.535,,,.527,,.658,,,,,.503,,,.524
1986-05-01,,,.616,,,.639,,,.585,,.595,,,.597,,,,.602,,,.596,,.595,,,.593,,,.603,,,,.59,.644,,
1986-06-01,,.578,,.684,,,,,.555,,,.582,,.622,,,.617,,,.562,,.688,,,,,.564,,,.589,,,.554,,,.576
1986-07-01,,,.512,,,.539,,.467,,,,.506,,.538,,,,,,.462,,.644,,,,.481,,.648,,,.609,,,,,.483
1986-08-01,,,.473,.589,,,,.474,,,.486,,,,,,,,.58,,,.596,,,,,.475,.595,,,.561,,,.585,,
1986-09-01,,,.516,.609,,,.576,,,,.509,,,,,,,,,,.507,,,.531,,,.507,,.51,,,.471,,,.491,
1986-10-01,,.489,,,.498,,,.494,,.605,,,,.507,,,.509,,,,.5,,.491,,,.491,,.601,,,.568,,,.599,,
1986-11-01,,,.507,.61,,,.573,,,.609,,,,,,,,,.57,,,.592,,,,,.502,.602,,,.574,,,,.499,
1986-12-01,.582,,,,.502,,,.489,,,.503,,,,.491,,.522,,.575,,,.601,,,.575,,,,.507,,,.476,,,,.54
1987-01-01,.61,,,,,.59,,.536,,,,.591,,,.545,,,,,,.56,,,.59,.609,,,.638,,,.612,,,,,.583
1987-02-01,,,.578,,.576,,.63,,,.666,,,,,,,,,,,.57,,,.601,,.556,,.663,,,.646,,,,.565,
1987-03-01,,.582,,,,.629,,,.568,,,.606,,,,,.59,,,,.579,.668,,,,.568,,,,.609,.652,,,.686,,
1987-04-01,.661,,,.689,,,,,.582,,,.62,,,.554,,,,.653,,,.675,,,,.592,,,,.625,,,.581,.705,,
1987-05-01,,.611,,,,.656,.676,,,.714,,,,.652,,,,,,.586,,.69,,,.671,,,,,.633,,,.595,,.602,
1987-06-01,,.639,,,,.687,,,.601,,.621,,,.625,,,,,,,.626,.718,,,.697,,,,,.653,,.607,,,.616,
1987-07-01,,.672,,,,.723,,.639,,.77,,,,,.613,,,,,.624,,,,.68,.725,,,,,,,,.646,,.657,
1987-08-01,,.629,,,,.73,,.632,,.803,,,,,,,.665,,,.626,,,,.691,,,.656,.792,,,,,.651,.832,,
1987-09-01,,,.651,,,.693,,.664,,.812,,,,,.568,,,,,.6,,,.627,,.76,,,,,.667,,.584,,,.618,
1987-10-01,,.634,,,,.686,,,.628,.8,,,,,.583,,.655,,.735,,,,,.676,,,.627,,.655,,,,.62,,.638,
1987-11-01,,,.648,,.652,,,,.642,,,.689,,,,,,.614,.742,,,,.649,,,.631,,,,.68,.78,,,,,.667
1987-12-01,,.601,,.768,,,,.604,,,,.674,,,.544,,,.569,,,.619,,,.657,.742,,,.787,,,,.652,,.818,,
1988-01-01,,,.597,.758,,,.742,,,.79,,,,,,,.601,,,.606,,,.609,,,.582,,.777,,,,,.577,,,.624
1988-02-01,,,.59,,,.634,.718,,,.77,,,,.597,,,.6,,,.599,,,.603,,,,.581,,.596,,.742,,,,,.612
1988-03-01,.675,,,,,.625,,,.583,,,.63,,,.51,,,,,.592,,.719,,,,.573,,,,.613,,,.543,.764,,
1988-04-01,,.572,,,,.625,.699,,,,.613,,,,.546,,,,,,.612,,.629,,,,.59,.737,,,,,.588,,,.633
1988-05-01,.691,,,,.616,,.716,,,.77,,,,.613,,,,,.691,,,,.636,,,,.599,.753,,,,.603,,.782,,
1988-06-01,,,.624,.735,,,,.607,,,.629,,,.625,,,,,.701,,,.736,,,.713,,,,.63,,,.591,,,,.638
1988-07-01,,,.648,,.648,,,,.634,,.571,,,,.59,,,.624,.712,,,.751,,,,.576,,.779,,,,,.623,.827,,
1988-08-01,,,.632,,,.688,.751,,,.807,,,,.622,,,.623,,,.63,,.762,,,,,.623,.792,,,,,.61,.842,,
1988-09-01,.717,,,,,.664,,,.609,.807,,,,,.517,,.617,,.725,,,.763,,,,,.594,,,.648,.777,,,,.606,
1988-10-01,,,.613,,.613,,,,.633,.803,,,,,,,,.571,,.583,,.756,,,,,.608,,.604,,,,.592,,,.646
1988-11-01,,,,,,.695,,,.57,,.626,,,,.587,,,,,,.641,,,.687,.74,,,.801,,,,,.626,.824,,
1988-12-01,,,.612,,.61,,,,.599,.808,,,,,,,,,,.597,,,.61,,,,.599,.804,,,,,.608,,,.663
1989-01-01,.796,,,,.635,,.732,,,,,.659,,.608,,,.615,,,.594,,,.604,,,,.581,.804,,,,.601,,,.629,
1989-02-01,.822,,,,,.68,,,.612,.809,,,,,,,,.58,.714,,,,.607,,.734,,,,.605,,,,.584,,,.646
1989-03-01,,,.628,,.647,,.729,,,,,.703,.69,,,.725,,,,,.641,.778,,,,,.622,,,.684,,,.61,.814,,
1989-04-01,,,.737,,,,,,.695,,,.765,.806,,,,.72,,.809,,,,.755,,,,.71,,.753,,,.753,,,,.769
1989-05-01,,,.776,,,,,,.752,,,.811,,.755,,,,,,,.756,,.758,,,.741,,,.764,,.867,,,,,.818
1989-06-01,,,,,,,.849,,,,,.794,,.739,,,,,.868,,,.915,,,,.715,,,,.786,,,.728,,,.787
1989-07-01,,.679,,,,,,.648,,.913,,,,,.638,,,,,,.693,,.674,,,,.692,,.683,,,.698,,,.706,
1989-08-01,,,,,.657,,,.594,,,.613,,,.693,,,,.609,,.603,,,.607,,.816,,,.891,,,.82,,,.888,,
1989-09-01,,,.666,,,.727,,.634,,,,.728,,.708,,,,,.766,,,,.646,,,.644,,,.659,,,.631,,,.639,
1989-10-01,,,,,.678,,,,.659,.86,,,,.695,,,,.656,.77,,,,,.735,,.625,,.869,,,,.698,,,,.719
1989-11-01,,,,,,.698,.767,,,.853,,,,,.562,,,.598,,,.651,,.579,,,.592,,.864,,,,.661,,,.685,
1989-12-01,,.598,,,,,,.646,,,,.708,,,,,,.617,,,.643,.837,,,.776,,,.864,,,,.624,,,.59,
1990-01-01,,,.709,,.737,,,,.715,.891,,,,.71,,,,.714,.834,,,,.712,,,,.707,.901,,,,.74,,,.753,
1990-02-01,,,,,,,,,.716,.862,,,,,.654,,,.689,.785,,,,,.755,,,.69,,,.748,,,.656,.851,,
1990-03-01,,,,,,,,.615,,,,.759,,.693,,,,.645,.778,,,,.658,,.772,,,,,.73,,.666,,.843,,
1990-04-01,,,.682,,,,.77,,,.847,,,,,,,,,,.689,,.844,,,,.683,,.841,,,,.682,,,.716,
1990-05-01,,.724,,,,,.785,,,,.731,,,,,,.724,,.777,,,.839,,,,.7,,,,.772,,.7,,,,.76
1990-06-01,,,.709,,,,,,.722,,.741,,,,.681,,,.716,,,,.847,,,,.704,,,,.77,,.709,,.856,,
1990-07-01,,,.714,,.813,,,.691,,,,.762,,.688,,,.692,,.782,,,,.702,,,,.699,,,.762,,,.711,,.739,
1990-08-01,,,,,,,.901,,,.954,,,,,.828,,.828,,,,.848,,.827,,.891,,,,.873,,,,.85,,,.897
1990-09-01,,,,,.995,,,.976,,1.06,,,,1.006,,,1.02,,1.006,,,,,.996,1.002,,,,,1.003,,,.973,,1.01,
1990-10-01,,,1.027,,1.055,,,.999,,,,1.078,,,,,,,1.13,,,1.17,,,,,1.031,,,1.069,1.146,,,,,
1990-11-01,,,1.016,,1.046,,,.937,,,,1.047,,,.983,,1.012,,,.962,,,,1.075,,,1.008,,,1.047,,1.019,,1.181,,
1990-12-01,,.839,,,.864,,1.051,,,,,.901,,,,,,,,,.884,,,.912,1.031,,,,.781,,,.852,,,.88,
1991-01-01,,,.749,,.775,,,.746,,.927,,,,,.759,,,,.849,,,.884,,,,.749,,,,.794,,,.741,,,.775
1991-02-01,,.677,,,,.719,,.68,,,.689,,,,,,.74,,,.702,,,.702,,.761,,,.807,,,.745,,,,.736,
1991-03-01,,,.707,,,.745,,,.72,.818,,,,,.696,,,,,,.711,.801,,,,.718,,,,.746,.772,,,,.758,
1991-04-01,,,.758,,,,,,.772,,.749,,,,.719,,.764,,,,.768,,,,,,.76,.878,,,,,,,,.804
1991-05-01,,,.791,,,.834,,.758,,,.773,,,,.735,,,.758,,.752,,,.761,,.881,,,,.781,,,,.798,.939,,
1991-06-01,,.724,,,.751,,.901,,,.954,,,,,.693,,.716,,,,,,.697,,,,.743,,,.785,,.728,,,,.775
1991-07-01,,,.72,,,.768,.871,,,,,.769,,.698,,,,,,,.748,,,,,,.715,,,.759,,,.698,,.78,
1991-08-01,,,.76,,.789,,,,.785,,.754,,,.737,,,,,,,,,,,,.745,,,.759,,,.791,,,.812,
1991-09-01,,,.733,,.763,,.874,,,,,.802,,,.715,,,,,.67,,,.675,,,.697,,,,.781,.836,,,.887,,
1991-10-01,,,.725,,.752,,,.676,,,.69,,,,.695,,,.718,,,,,,,,,.724,.884,,,,,.714,,.753,
1991-11-01,,,.73,,,.772,.854,,,,,,,.704,,,.714,,,.67,,,.678,,,.669,,,,.78,,,,.862,,
1991-12-01,,,.662,,.672,,,.62,,,,.731,,.63,,,,.667,,,.701,.873,,,,,.674,,.634,,.786,,,,.701,
1992-01-01,,.615,,,,.666,,,.645,,,.692,,,,,,,.82,,,,.569,,,,.624,.885,,,,,,,,.663
1992-02-01,,.616,,,,.677,.765,,,.845,,,,,.589,,,,,.573,,,,,,,.632,,.605,,,,,.78,,
1992-03-01,,,.625,,.637,,.72,,,.803,,,,,,,,,.71,,,.794,,,.712,,,,.596,,,,.603,.743,,
1992-04-01,,.617,,,.645,,,,.627,,.617,,,,,,.631,,.704,,,.794,,,,.611,,.792,,,,.621,,.746,,
1992-05-01,,,.681,,.704,,,,.679,,,.722,,,.681,,,,,,.688,.832,,,.759,,,,.682,,,,.664,,.692,
1992-06-01,,,.721,,.748,,,,.707,,,.75,,.729,,,,.743,,.688,,.897,,,,.704,,,,.756,,,.72,,,.762
1992-07-01,,.633,,,.708,,,.642,,,.656,,,.669,,,,.706,,.63,,.905,,,,.644,,.916,,,,,.698,,.692,
1992-08-01,,,.696,,.728,,.841,,,.916,,,,.676,,,,,,,.701,,,.734,.829,,,,,.739,,,.691,.875,,
1992-09-01,,,.704,,.708,,.833,,,,,.758,,.701,,,,.713,,,,,,,,,.707,,.694,,,,.698,,.704,
1992-10-01,,.651,,,.69,,,.644,,.904,,,,.657,,,,,,.643,,,,.702,,,.691,,,.733,.786,,,,.674,
1992-11-01,,.657,,,,.741,,.63,,,,.726,,.64,,,,.672,,,,,,,,,.679,.895,,,,.661,,,.674,
1992-12-01,,.611,,,,,.814,,,.893,,,,,.606,,,.631,,,,,,.69,.813,,,.895,,,,.626,,,,.685
1993-01-01,,,,,,.694,,.573,,,.583,,,,,,,,,,.637,.852,,,.794,,,,,.673,,,.624,,.634,
1993-02-01,,.589,,,.644,,,.561,,,.573,,,,,,.569,,.742,,,.824,,,.77,,,,,.662,,.603,,.795,,
1993-03-01,,,.629,,,.669,,.569,,.829,,,,,,,,.612,,.569,,,,.653,,,.614,.828,,,,.597,,,.607,
1993-04-01,.774,,,,,,,,.631,,,.669,,.589,,,,.624,,,,,,.668,.737,,,,.606,,,,.629,.764,,
1993-05-01,,,.656,,.655,,.757,,,,.636,,,,,,,.649,.74,,,.813,,,.75,,,.835,,,,.638,,,.658,
1993-06-01,,,.645,,,,,.588,,.85,,,,,,,.602,,,,.644,,,.678,,,.64,,.616,,,,.637,.784,,
1993-07-01,,,,,,,,,.615,.837,,,,.571,,,.572,,,.548,,,.553,,,.565,,,.582,,,.57,,,.581,
1993-08-01,,,.614,,,.66,.741,,,.825,,,,.566,,,,,,,.611,.819,,,.74,,,,.589,,.705,,,,.585,
1993-09-01,,,,,,.642,,,.584,,,.627,,,.538,,,.566,.715,,,,,.633,.721,,,,,.624,,,.575,.77,,
1993-10-01,,.558,,,.592,,.717,,,.8,,,,,.533,,,,,,.591,,,.628,.722,,,.806,,,.702,,,,.568,
1993-11-01,,.551,,,,.619,,,.525,.786,,,,.512,,,,,.699,,,,,,,,.538,,,.581,.689,,,.764,,
1993-12-01,,,,,.536,,.667,,,,.452,,,,.466,,,.491,,.499,,,.518,,.679,,,,.465,,,,.468,.726,,
1994-01-01,,,.522,,,.565,.65,,,,,.55,,,,,,,,,,.738,,,,,.506,,,.549,.627,,,,,.53
1994-02-01,,,,,.534,,,,.521,,.501,,,,,,,,,,.552,.744,,,,.484,,.754,,,,,.505,,,.55
1994-03-01,,,,,,,,.486,,,,.578,,,,,,,,,,,,,,.494,,,.512,,.617,,,.695,,
1994-04-01,,,,,,,,,.541,,.532,,,,,,,,.642,,,.728,,,.655,,,,,.588,,,.528,,.523,
1994-05-01,,,,,.579,,,.528,,.736,,,,,.565,,,,,,.575,.727,,,,,.56,.742,,,,,.564,.7,,
1994-06-01,,,,,,.645,.69,,,,.596,,,,,,,,,,.609,,.606,,,.565,,,,.64,,,.596,.751,,
1994-07-01,,,,,,.642,.728,,,,,.672,,,,,,.633,.722,,,.8,,,,,.609,.808,,,,.574,,,,.627
1994-08-01,,,.653,,.63,,.782,,,.855,,,,,,,,.652,,,.667,,,,.779,,,.854,,,.777,,,,,.695
1994-09-01,,,.608,,,,.787,,,.862,,,,,.549,,,,,.603,,,,,.787,,,,.556,,,,.597,,,.643
1994-10-01,,,.608,,,.651,,.526,,,.56,,,,,,,.575,,,.626,,,,.768,,,.848,,,,,.58,.806,,
1994-11-01,,,,,,.684,,,.613,.852,,,,,.591,,,,,,.648,,,,.769,,,,,.66,.721,,,.787,,
1994-12-01,,,,,,.673,.813,,,.886,,,,,.55,,,.574,,,.667,,.627,,.806,,,,,.654,,,.594,,.588,
1995-01-01,,,,,,,,.604,,.868,,,,,,,,,,,,,,,,,.63,,,.671,.749,,,,,.649
1995-02-01,,,,,,,.789,,,.86,,,,,,,,,,,,,,,.78,,,.856,,,,,.626,.81,,
1995-03-01,,,,,,,,.584,,,.597,,,,.558,,,,,,.654,,,,.764,,,,.594,,,,.61,,.601,
1995-04-01,,,,,,,,,.671,.848,,,,,,,,.641,,,.683,,,,,.619,,.841,,,,,.646,,.655,
1995-05-01,,,.724,,,,,.69,,,,.769,,,,,,,,,,,,,.82,,,,,.755,,,,.849,,
1995-06-01,,,.715,,,.755,.866,,,,,,,,,,,.693,,,,,,,,.701,,.927,,,,,,,,
1995-07-01,,,,,,.717,.863,,,,,.736,,,,,,,,,,,,,,,.673,,.631,,.837,,,.892,,
1995-08-01,,,.65,,,,,.579,,,.606,,,,.6,,,.622,,,,,,,,.584,,,,.684,.814,,,,,.636
1995-09-01,,,,,,,,,.684,,,.726,,,,,,,,,,,,,.824,,,,,.703,,,,,,.679
1995-10-01,,,,,,.658,,,.646,.878,,,,,.566,,,.589,,.619,,,,.715,.798,,,,,.661,,.581,,,.597,
1995-11-01,,,,,,,,.545,,.84,,,,,.556,,,,,,,,,,,,.601,.825,,,.716,,,.778,,
1995-12-01,,,.641,,,.679,.763,,,.833,,,,,,,,,,,,,,,.749,,,,.618,,,,.633,.777,,
1996-01-01,,,.646,,,,.778,,,,,.697,,,,,,,,,.674,,,,,.612,,,,.682,,,.632,,.635,
1996-02-01,,,.626,,.6,,.776,,,,,.672,,,,,,,.741,,,.808,,,.764,,,,.598,,.742,,,,,.658
1996-03-01,,,,,,.703,,.627,,,,.718,,,,,,.664,,,.693,,.638,,,,.671,,.647,,,,.658,.808,,
1996-04-01,,,,,.737,,.851,,,,,.797,,,,,,,,,,,,.8,,.716,,.907,,,,,.729,,,.759
1996-05-01,,,,,,,,,.794,,,.83,,,,,,,,,.828,.973,,,,.742,,.973,,,,.753,,.933,,
1996-06-01,,,.708,,,,,.658,,,.67,,,,,,,.677,,,.801,,,.832,.914,,,.968,,,.882,,,.928,,
1996-07-01,,,,,,,.91,,,,,.78,,,,,,,,,,,,,,.659,,.948,,,,,.711,,,.742
1996-08-01,,,,,,.742,.877,,,.935,,,,,,,,,.847,,,.904,,,.857,,,.917,,,.813,,,.865,,
1996-09-01,,,.71,,,,.862,,,,.713,,,,,,,.709,,,.755,.888,,,,,.72,,.714,,,,.712,,,.74
1996-10-01,,.708,,,,,,.692,,,,.795,,,,,,,,,,,,.794,,.698,,,.725,,,,,,.722,
1996-11-01,,.745,,,,.799,,.761,,,.794,,,,,,,,,,,.918,,,,.758,,,,.8,.833,,,,,
1996-12-01,,.768,,,,,.932,,,,,,,,,,,.785,.907,,,,,,,,.795,.972,,,.876,,,,,.812
1997-01-01,,,.79,,.772,,.936,,,,,,,,,,,,,,.821,,,,,,.792,,,.822,,,.779,,,.804
1997-02-01,,,.762,,,,,,,.984,,,,,,,,,,,.799,,,,,,.758,,,.787,.888,,,.93,,
1997-03-01,,,,,,,.893,,,.946,,,,,.692,,,,,,,,,,.878,,,.932,,,,,,.893,,
1997-04-01,,,.692,,,,,,,,,.756,,,,,,.676,.816,,,.865,,,,,.702,.912,,,,,.679,,,.705
1997-05-01,,,,,,.733,,,.734,,,,,,,,,.696,,,,,,.753,.834,,,,.723,,,,,,,
1997-06-01,,,,,,,.853,,,,,.749,,,,,,.653,.812,,,.862,,,,,.687,.891,,,.798,,,,,
1997-07-01,,,,,,.705,.841,,,,.677,,,,.641,,,,.799,,,,,,.824,,,,.674,,,,,,,.71
1997-08-01,,,,,.802,,.9,,,,.758,,,,,,,,.872,,,.918,,,,,.768,,.784,,,,.778,,,
1997-09-01,,,,,,,.933,,,,,.803,,,,,,,,,,,,.84,,,.749,,.737,,,,,,,.785
1997-10-01,,,,,,,,.705,,.958,,,,,,,,.673,,,.776,,,.805,,,.707,.942,,,,,.705,,,
1997-11-01,,,,,,,,.68,,.929,,,,,.629,,,,.825,,,.873,,,,.65,,,,.71,,,,,,
1997-12-01,,,,,,.655,,,,,,,,,,,,,,,.713,,,,,,,,,.667,,,,,,.633
1998-01-01,,,.601,,,,.783,,,.84,,,,,,,,,,,.682,,,,,,.602,.829,,,.718,,,,,.613
1998-02-01,,,,,,,,,.596,,,,,,,,,,,,.623,.762,,,.724,,,,,,.661,,,,,
1998-03-01,,,,,,,,,.553,,,.585,,,,,,.52,,,,.711,,,,,.536,,,.565,.607,,,,,
1998-04-01,,,,,,,,.499,,.724,,,,,,,,.544,.653,,,,,,.658,,,,,.571,,,.522,.647,,
1998-05-01,,,,,,.579,.677,,,.735,,,,,,,,.563,,,,.727,,,,,.559,,.528,,,,,,,.577
1998-06-01,,,.538,,,,.683,,,.74,,,,,.519,,,,,,.594,,,,.68,,,.738,,,,,.531,.692,,
1998-07-01,,,.51,,,,,,.522,,,.557,,,,,,,.663,,,,,.607,,.501,,,.504,,.637,,,,,
1998-08-01,,,,,,.525,.656,,,,,.548,,,,,,,,,.536,,,,,,.494,.709,,,.615,,,,,.517
1998-09-01,,,.504,,,,,.479,,.699,,,,,,,,,,,.525,,,.552,.631,,,,,.535,.595,,,,,.518
1998-10-01,,,,,,,,,.533,,,.566,,,.49,,,,,,,,,.577,.643,,,.703,,,,,,,,
1998-11-01,,,,,,,.65,,,,,.535,,,,,,,.642,,,,,,,.481,,,.484,,,,,,,
1998-12-01,,,,,,,.624,,,,.486,,,,,,,.402,,,,.676,,,,,.435,,.418,,,,.416,,,.446
1999-01-01,,,.439,,,,,,.434,,,.468,,,,,,,.598,,,,,.499,.598,,,,,.46,,,.416,,,
1999-02-01,,,,,,,,,,,,.466,,,,,,,.572,,,.628,,,.575,,,,,.444,.515,,,,,.424
1999-03-01,,,,,,,.596,,,.656,,,,,,,,.482,,,.498,.636,,,,.462,,,,.508,,,.466,,,
1999-04-01,,,,,,,,,,,,,,,,,,,,,.556,,,,,.565,,,,.606,,,,,,.591
1999-05-01,,,,,,,,,.613,,,,,,.55,,,,,,,,,,,,,,,,.692,,,.74,,
1999-06-01,,,,,,.609,,,,,.564,,,,,,,.558,,,,,,,,,,,,,,,,.737,,
1999-07-01,,,,,,,,,,,,,,,,,,,,,,,,,,.627,,,.635,,.724,,,.77,,
1999-08-01,,,,,,,,,.736,,,,,,,,,,,,,,,.733,,,.723,,,,,,,,,
1999-09-01,,,,,,,,,,,,,,,,,,.763,,,.775,,,,,.742,,,,,,,.769,.886,,
1999-10-01,,,,,,.782,,,.75,,,.777,,,,,,,,,,,,,,.704,,,,,,,,,,
1999-11-01,,,.77,,,.794,,.738,,.986,,,,,,,,.756,,,,,,.8,,.743,,,.748,,.869,,,.909,,
1999-12-01,,,,,,,,.764,,1.011,,,,,.774,,,.786,,,,,,,,,,,.776,,.889,,,.93,,
2000-01-01,,,,,,,,,.822,,.745,,,,.776,,,.788,,,,,,,,.757,,,.754,,,,.803,.938,,
2000-02-01,,,,,,,,.833,,,.826,,,,,,,,,,,,,.902,,.843,,,,,,,.863,.978,,
2000-03-01,,,.973,,,.995,,,1,,.983,,,,,,,,,,,,,,,,,,,,,,.975,,,.994
2000-04-01,,,,,,.92,,,.931,,,.958,,,.833,,,,,,.922,,,.941,,,.905,,,.929,,,,,,
2000-05-01,,,,,,1.016,,,1.015,,,1.041,,,,,,.947,,,,,,,,,.993,,,1.017,,,.987,1.08,,
2000-06-01,,,1.111,,,1.133,1.209,,,1.239,,,,,1.043,,,,,,1.108,,,1.126,1.193,,,,1.08,,1.132,,,1.16,,
2000-07-01,,,,,,,,,1.118,,,,,,,,,,,,1.076,,,1.094,,,1.074,,1.066,,,,1.068,1.214,,
2000-08-01,,,1.066,,,1.089,1.24,,,1.27,,,,,,,,,1.22,,,1.246,,,1.228,,,,,1.083,,,1.072,,,
2000-09-01,,,,,,,,,1.115,1.268,,,,,,,,1.028,1.213,,,,,,,1.057,,1.256,,,1.159,,,,,1.099
2000-10-01,,,1.042,,,,,,1.078,,,1.103,,,.987,,,.998,1.192,,,,,,1.196,,,,,1.071,,,,1.178,,
2000-11-01,,,,,,,,1.057,,,1.057,,,,,,,1.045,1.181,,,,,1.084,,1.059,,,,1.077,,,1.047,1.171,,
2000-12-01,,,,,,,,.903,,1.204,,,,.904,,,,.87,,,,,,,,.927,,,,.948,,,.898,,,
2001-01-01,,,,,,,,,.97,1.165,,,,,,,,,,,.941,1.138,,,1.111,,,1.155,,,1.05,,,,,
2001-02-01,,,.948,,.931,,1.109,,,,,1.003,,,,,,,,,,,,,1.098,,,1.142,,,,,.949,,,.97
2001-03-01,,,,,,.916,,,.922,,,.947,,.856,,,.856,,,,,1.094,,,1.065,,,,,.92,1.003,,,1.045,,
2001-04-01,,,1.032,,1.008,,,,1.05,,1.03,,,,.977,,,.987,,,1.032,,,1.051,1.15,,,,,1.059,,,1.03,,,
2001-05-01,,,,,1.165,,1.345,,,,,1.237,,,,,,1.049,,,1.179,1.354,,,,1.15,,1.371,,,,,,1.301,,
2001-06-01,,,,,,,,,1.102,1.368,,,,,,,,.854,,,.972,,,.993,,,1.026,1.362,,,,,,,,1.089
2001-07-01,,.805,,,,,,,.91,1.214,,,,,.726,,,.74,1.169,,,,.792,,,,.86,,.801,,1.12,,,1.16,,
2001-08-01,,,,,,,1.054,,,,,.92,,,.821,,,.836,1.033,,,,,,1.044,,,,,.902,,,.881,1.029,,
2001-09-01,,,.882,,.874,,,.88,,,,.915,,,.843,,,.857,.996,,,,,.889,,,.875,,.891,,,,,,,
2001-10-01,,,,,,.762,.906,,,,,.79,,,.69,,,,,,,,,.759,,.709,,,,.764,,,.74,.903,,
2001-11-01,,,.627,,.595,,,.615,,.821,,,,.573,,,,.596,.783,,,,,.64,,.605,,.815,,,,,.63,,,
2001-12-01,,,,,,.604,,.598,,,,.619,,,.552,,,.562,,,.585,,,.605,.677,,,,.599,,.65,,,,,
2002-01-01,,,.609,,,,,,,,.63,,,,,,,,,,,,,.64,,,.615,,,.639,,,.615,,,
2002-02-01,,,.618,,,,.719,,,.759,,,,,.611,,,.625,,,.634,,,,.71,,,.747,,,.689,,,,,
2002-03-01,,,.736,,.727,,.836,,,.872,,,,,.723,,,,.825,,,.85,,,,,.744,,,.767,,,,,,.763
2002-04-01,,,,,,,,,.879,,.851,,,,,,,,.976,,,,,.873,,.847,,1.007,,,.959,,,,,
2002-05-01,,,,,,,.992,,,,,,,,,,,,.977,,,1.004,,,,,.861,1.018,,,,,,,,
2002-06-01,,,,,,,.971,,,,.795,,,,.775,,,.787,.95,,,,,.851,,.812,,.998,,,,,,,,.875
2002-07-01,,,.862,,,,.976,,,,,.924,,,,,,.84,.959,,,,,.894,,.874,,,,.895,.943,,,,,.912
2002-08-01,,,.879,,,.906,,,.917,1.058,,,,,,,,,,,.895,,,,,.859,,1.048,,,,,.904,,,
2002-09-01,,,,,,.93,1.022,,,1.06,,,,,,,,,,,.89,,,.91,,.875,,,,.927,.979,,,,,
2002-10-01,,,,,,.948,,.901,,1.061,,,,,.884,,,.898,,,.908,,,.926,,,.917,1.047,,,.97,,,,,.928
2002-11-01,,,,,,.924,,,.921,,,.951,,,.847,,,.86,1.014,,,,,.907,,.89,,1.068,,,,,.888,1.024,,
2002-12-01,,,.904,,,,,.86,,1.088,,,,,.855,,,,,,,1.039,,,,,.906,1.068,,,.975,,,1.015,,
2003-01-01,,,,,,.988,,.952,,,.952,,,,.926,,,,,,,1.086,,,,.951,,1.109,,,1.035,,,1.072,,
2003-02-01,,,,,,,,,1.108,,1.092,,,,,,,,1.192,,,,,,,,1.087,1.231,,,,,,,,
2003-03-01,,,,,,,1.253,,,,1.067,,,,1.034,,,,1.227,,,1.248,,,,,1.084,1.266,,,,,,,,1.092
2003-04-01,,,,,,1.006,,,1.008,,,1.034,,,.882,,,,,,.966,1.191,,,,.923,,1.198,,,1.13,,,,,.983
2003-05-01,,,,,,,,.908,,,,.993,,,,,,.842,,,,,,,,,.932,,,.956,1.04,,,,,
2003-06-01,,,.935,,,,1.062,,,,,.978,,,,,,.871,,,,1.092,,,,,.93,,.927,,,,,,,.959
2003-07-01,,,,,,,,,.988,,.955,,,,,,,,,,.966,1.111,,,1.066,,,,.957,,,,,,,
2003-08-01,,,,,,,,,1.118,,,1.142,,,1.046,,,1.059,1.196,,,1.22,,,,,1.094,,,1.117,,,,,,
2003-09-01,,,1.105,,,1.131,,,1.113,,1.03,,,,1.004,,,,,,,,,1.09,,,1.085,1.35,,,1.296,,,1.332,,
2003-10-01,,.965,,,,1.057,,.979,,1.249,,,,,,,,.961,1.231,,,1.255,,,1.206,,,,.974,,,,,,,
2003-11-01,,,.987,,,,1.111,,,1.149,,,,,.927,,,,,,.957,1.168,,,,.931,,,,.992,,,,,,
2003-12-01,,,1.028,,,,,,.964,,.969,,,,,,,,1.086,,,,,.979,,,.977,1.109,,,,,.94,1.061,,
2004-01-01,,,,,,,,,1.068,1.184,,,,,1.044,,,,1.157,,,1.183,,,,,1.075,,,1.095,1.11,,,1.147,,
2004-02-01,,,1.154,,,,1.219,,,,1.109,,,,,,,,,,,1.242,,,,,1.125,1.247,,,1.191,,,,,1.12
2004-03-01,,,1.207,,,1.23,1.269,,,,1.153,,,,,,,,,,,,,1.175,,,1.177,,1.175,,,,1.155,,,
2004-04-01,,,1.234,,,1.256,1.285,,,,,1.216,,,,,,1.181,,,,1.3,,,,1.19,,1.314,,,,,1.181,1.296,,
2004-05-01,,,,,,,,1.398,,,1.403,,,,1.409,,,,,,1.423,1.54,,,,1.427,,1.55,,,,,1.44,,,
2004-06-01,,,,,,1.459,1.609,,,,1.35,,,,1.27,,,,,,,,,,1.6,,,,,1.398,1.574,,,,,
2004-07-01,,,,,,1.428,1.486,,,,1.313,,,,,,,,,,,,,,,1.333,,,1.334,,1.45,,,,,1.364
2004-08-01,,,,,,,,1.312,,,1.317,,,,,,,,,,1.299,1.463,,,1.44,,,1.472,,,,,,,,1.347
2004-09-01,,,1.355,,,1.378,1.424,,,,,1.337,,,1.285,,,,,,,,,,,,1.317,1.45,,,,,,1.429,,
2004-10-01,,,1.468,,,1.487,,,,,,1.469,,,,,,,1.545,,,,,1.447,,1.428,,,1.429,,,,1.439,,,
2004-11-01,,,,,,1.426,1.547,,,1.578,,,,,1.342,,,1.349,,,,,,,,1.355,,1.563,,,1.513,,,,,1.384
2004-12-01,,,1.243,,,,,,1.205,,1.168,,,,,,,,,,1.197,,,,1.421,,,,1.182,,1.388,,,,,1.214
2005-01-01,,,,,,,,,1.283,1.398,,,,,,,,,1.363,,,1.387,,,1.352,,,,,1.295,,,1.264,1.349,,
2005-02-01,,,,,,1.361,,,1.315,,,1.333,,,,,,1.31,,,,,,1.326,1.429,,,1.457,,,,,,1.438,,
2005-03-01,,,,,,,,,1.454,,1.468,,,,,,,1.481,,,,,,,1.52,,,1.546,,,,,,,,
2005-04-01,,,,,,,,,1.584,1.731,,,,,1.543,,,,,,,1.724,,,1.693,,,,1.559,,,,,,,
2005-05-01,,,,,,,,1.538,,1.739,,,,,,,,1.464,,,,,,1.523,,,1.531,1.723,,,,,,,,
2005-06-01,,,1.641,,,,1.704,,,1.731,,,,,,,,,,,,1.731,,,,,1.616,1.718,,,,,,1.673,,
2005-07-01,,,,,,1.796,,,,,,1.81,,,,,,,,,,1.917,,,,,1.746,,,1.768,,,,1.886,,
2005-08-01,,,,,,1.944,,,1.971,2.104,,,,,1.876,,,1.891,2.077,,,2.097,,,,1.92,,,,1.963,,,,,,2.003
2005-09-01,,,,,,,,,2.33,,2.366,,,,2.22,,,,,,2.284,,,2.302,,2.336,,,,2.296,,,2.319,2.519,,
2005-10-01,,,,,,1.869,,,1.926,2.265,,,,,1.843,,,,,,1.902,,,,,1.936,,,,1.909,2.144,,,,,
2005-11-01,,,1.533,,,,1.729,,,1.759,,,,,1.529,,,,,,,1.734,,,,1.572,,1.734,,,1.63,,,,,
2005-12-01,,,,,,,,1.633,,,,1.616,,,1.615,,,1.625,,,1.614,,,,,,1.606,,,1.624,,,,,,
2006-01-01,,,,,,,,1.8,,1.908,,,,,,,,1.785,,,1.792,1.909,,,1.875,,,,,1.799,,,,,,
2006-02-01,,,1.627,,,1.649,,,,,,1.637,,,,,,,,,1.618,1.844,,,,1.639,,1.828,,,,,,,,
2006-03-01,,,,,,,1.85,,,,,1.807,,,1.77,,,1.779,1.867,,,,,1.81,,,1.8,,,,,,1.773,,,1.791
2006-04-01,,,2.184,,,,2.265,,,2.289,,,,,2.142,,,,,,2.184,,,2.199,,,,2.283,,,,,,,,2.209
2006-05-01,,,2.338,,,,2.505,,,,,2.389,,,,,,,2.533,,,,,,,2.378,,2.52,,,,,,2.476,,
2006-06-01,,,2.401,,,,,2.421,,,2.425,,,,,,,2.161,,,,2.589,,,,,2.354,,2.445,,,,2.38,,,2.402
2006-07-01,,,,,,,2.583,,,,2.572,,,,,,,,2.611,,,2.632,,,2.599,,,,,2.491,,,,,,2.534
2006-08-01,,,2.31,,,,,2.362,,,,2.347,,,,,,,,,,,,,,,2.289,,,2.319,,,2.303,2.587,,
2006-09-01,,,1.826,,,1.856,,1.869,,2.146,,,,,1.766,,,,2.152,,,,,1.853,,,1.818,2.17,,,2.14,,,2.18,,
2006-10-01,,,1.643,,,,1.744,,,,,1.661,,,,,,,,,,1.808,,,,1.694,,,,1.657,,,,,,
2006-11-01,,,,,,,,,1.659,1.782,,,,,1.639,,,,,,,1.808,,,,,1.651,1.785,,,,,1.641,,,
2006-12-01,,,,,,,,1.805,,1.913,,,,,,,,1.765,,,1.763,,,,1.881,,,,1.816,,,,,,,
2007-01-01,,,1.611,,,,1.826,,,,,1.631,,,,,,1.538,,,,,,,1.827,,,,1.647,,1.817,,,1.852,,
2007-02-01,,,,,,,,1.672,,,1.678,,,,,,,1.681,,,,1.816,,,1.77,,,1.805,,,,,,1.777,,
2007-03-01,,,2.019,,,,2.1,,,2.129,,,,,,,,2.008,2.106,,,2.127,,,,,2.007,2.128,,,,,,,,
2007-04-01,,2.298,,,2.298,,,,2.217,2.34,,,,,,,,,2.319,,,2.34,,,,2.276,,,,2.24,,,2.215,,,
2007-05-01,,,,,,,2.539,,,,,2.48,,,2.383,,,,2.549,,,,,,,2.496,,,2.502,,2.543,,,2.571,,
2007-06-01,,,,,,,,,2.386,2.555,,,,,,,,2.341,,,,2.569,,,,,2.376,,,2.402,,,2.348,2.488,,
2007-07-01,,,,,,,,2.3,,2.485,,,,,,,,,,,,,,,,,2.323,,,2.351,,,,,,
2007-08-01,,,2.147,,,,2.295,,,,2.069,,,,,,,2.133,,,2.094,,,,,2.113,,,,2.156,2.261,,,,,2.138
2007-09-01,,,2.138,,,,,,2.123,,,2.151,,,,,,2.196,,,,,,,2.22,,,,2.174,,2.176,,,2.211,,
2007-10-01,,,,,,,,,2.161,,,2.187,,,,,,2.243,,,,,,,,2.192,,,,2.198,,,,,,
2007-11-01,,,2.439,,,,,,2.446,,,2.469,,,,,,2.454,,,,,,,2.559,,,,,2.463,2.549,,,,,
2007-12-01,,,,,,2.412,,,2.408,2.629,,,,,,,,,2.617,,,2.641,,,,,2.389,,,2.408,,,2.393,,,
2008-01-01,,,,,,,,,2.427,,,2.447,,,2.433,,,2.444,2.638,,,,,,2.617,,,2.648,,,,,2.401,,,
2008-02-01,,,,,,,2.577,,,,2.394,,,,,,,,,,,,,,,,2.424,,,2.442,2.53,,,2.554,,
2008-03-01,,,2.557,,,2.58,,2.585,,,,2.568,,,,,,2.602,,,,,,2.543,,,2.557,,,2.576,2.661,,,2.684,,
2008-04-01,,,2.793,,,2.816,2.877,,,,,2.801,,,2.816,,,2.826,,,2.759,2.92,,,,2.873,,2.905,,,,,,,,
2008-05-01,,,,,,3.237,,,3.217,3.348,,,,,,,,,3.323,,,3.342,,,,3.283,,,3.288,,3.292,,,3.312,,
2008-06-01,,,,,,3.48,3.608,,,,,3.49,,,,,,,3.587,,,,,,,,3.452,3.625,,,,,3.458,3.569,,
2008-07-01,,,3.344,,,,3.599,,,,,3.393,,,,,,,,,3.316,,,,,,3.343,,3.381,,,,,,,
2008-08-01,,,,,,,,2.961,,,2.968,,,,,,,,3.325,,,,,,,,2.999,,3.02,,,,2.966,,,2.986
2008-09-01,,,2.849,,,2.878,3.106,,,,,2.921,,,,,,2.93,3.188,,,,,2.908,,,2.87,3.135,,,2.987,,,,,
2008-10-01,,,2.009,,,,2.496,,,,,2.111,,,,,,,2.641,,,,,,2.5,,,,2.152,,,,1.985,,,
2008-11-01,,,,,,1.419,1.66,,,1.698,,,,,1.504,,,,,,1.431,,,1.45,1.661,,,,,1.44,1.557,,,,,1.414
2008-12-01,,,1.075,,,1.098,,,1.085,1.285,,,,,1.106,,,1.117,,,,1.301,,,1.25,,,1.286,,,,,1.061,,,1.083
2009-01-01,,,1.208,,,,,,1.212,,1.245,,,,,,,,,,,1.345,,,,1.255,,,1.256,,1.263,,,,,1.226
2009-02-01,,,,,,,1.457,,,,,,,,,,,,,,,1.485,,,,1.3,,1.489,,,,,1.293,,,1.311
2009-03-01,,,1.376,,,1.398,,,,,,,,,1.388,,,1.398,,,,,,,1.479,,,1.511,,,,,1.373,,,1.391
2009-04-01,,,1.469,,,,1.558,,,,,1.486,,,,,,,1.586,,,,,,,1.537,,1.598,,,1.564,,,,,1.486
2009-05-01,,,,,,,,,,1.855,,,,,,,,,,,,,,,,,1.757,1.857,,,1.812,,,,,1.791
2009-06-01,,,2,,,,2.163,,,,2.007,,,,1.942,,,,,,,2.208,,,2.164,,,,,2.022,,,2.006,,,
2009-07-01,,,1.87,,,,,,1.901,,,1.925,,,,,,,2.149,,,,,,,1.893,,2.144,,,,,,,,1.884
2009-08-01,,,2.067,,,,,,,,,,,,2.015,,,,,,,,,,,,2.066,2.22,,,,,2.087,,,2.106
2009-09-01,,,,,,,2.155,,,,,,,,,,,1.885,,,,,,,,2.053,,,2.056,,,,,,,1.912
2009-10-01,,,,,,1.961,,,,2.124,,,,,,,,1.971,,,,,,,,,,,,1.97,,,1.944,,,1.962
2009-11-01,,,2.036,,,,2.219,,,,,2.097,,,,,,2.07,2.249,,,,,2.077,2.215,,,2.248,,,,,2.035,2.174,,
2009-12-01,,,,,,,,,,2.221,,,,,,,,,,,,,,,,,,2.213,,,,,,,,
2010-01-01,,,2.091,,,,,,,2.308,,,,,2.111,,,2.124,,,,,,,,2.11,,,,2.126,2.208,,,,,
2010-02-01,,,2.027,,,,2.227,,,,,2.086,,,,,,,2.247,,,,,,2.225,,,2.255,,,,,,2.203,,
2010-03-01,,,,,,,2.281,,,2.312,,,,,2.164,,,,2.293,,,2.317,,,,,2.151,,,2.171,,,2.15,2.258,,
2010-04-01,,,,,,2.254,2.351,,,2.382,,,,,,,,,,,,2.396,,,2.35,,,,,2.256,2.316,,,2.34,,
2010-05-01,,,,,,,,,2.204,,,,,,2.1,,,,2.435,,,,,,,2.207,,,,2.188,,,2.152,,,
2010-06-01,,,,,,,,,2.134,2.32,,,,,2.067,,,,,,,2.349,,,2.281,,,,,2.13,,,2.105,,,
2010-07-01,,,2.084,,,,,,,2.29,,,,,,,,,,,2.065,,,2.088,,,2.087,,,2.11,,,2.091,2.22,,
2010-08-01,,,,,,,,,2.082,2.267,,,,,2.031,,,2.042,2.28,,,,,2.07,2.23,,,,2.23,,,,,,,
2010-09-01,,,,,,2.052,,,2.039,,,,,,,,,2.041,2.214,,,2.244,,,2.158,,,2.193,,,2.096,,,,,
2010-10-01,,,2.208,,,2.233,2.317,,,,,,,,,,,,,,2.184,,,2.204,2.319,,,,,2.232,,,,,,
2010-11-01,,,2.32,,,,,,2.33,,,2.351,,,2.333,,,2.344,,,,,,2.326,2.461,,,,,2.344,,,,,,2.329
2010-12-01,,,,,,,2.592,,,,,,,,,,,,,,,,,,,,2.433,,2.545,,,,,,,2.445
2011-01-01,,,2.498,,,,,,2.509,,,2.527,,,,,,,,,,2.71,,,2.677,,,,2.651,,,,,,,2.514
2011-02-01,,,,,,,,,,,,,,,,,,,,,,,,,2.744,,,,,,,,,,,2.616
2011-03-01,,,2.867,,,,,,,3.078,,,,,,,,,,,,,,,,,2.881,,,2.901,,,,,,2.898
2011-04-01,,,3.2,,,,,,3.22,,,3.241,,,,,,,,,,,,,,3.278,,,3.277,,,,3.245,,,
2011-05-01,,,3.196,,,,,,,,,,,,,,,,,,,,,,,,3.194,,,3.217,,,,,,
2011-06-01,,,,,,3.081,,,,,,,,,,,,,,,,,,,,3.098,,,3.102,,,,,,,
2011-07-01,,,3.174,,,3.201,,,3.191,,,3.214,,,3.111,,,3.124,,,,,,,,,,,,3.199,,,3.186,,,
2011-08-01,,,3.009,,,,,,3.021,,,3.044,,,,,,,,,,,,,,,,,,,,,,,,3.022
2011-09-01,,,,,,,,,2.912,,,2.938,,,,,,2.919,,,,,,,,,,,,,,,2.903,,,
2011-10-01,,,2.811,,,,,,2.828,,,2.85,,,2.828,,,,,,,,,,,,2.817,,,2.84,,,,,,
2011-11-01,,,,,,,,,,,,,,,2.747,,,,,,,,,,,,,,,,,,2.72,,,
2011-12-01,,,,,,,,,,,,,,,,,,,,,,,,,,,,,,,,,,,,2.707
2012-01-01,,,2.818,,,,,,,,,2.836,,,2.818,,,2.827,,,,,,,,,,,,2.842,,,2.837,,,
2012-02-01,,,3,,,,,,,,,3.018,,,,,,3.005,,,,,,,,,,,,,,,,,,
2012-03-01,,,,,,,,,3.137,,,,,,,,,,,,,,,,,,3.143,,3.212,,,,,,,
2012-04-01,,,3.224,,,,,,3.234,,,3.258,,,,,,3.206,,,,,,,,,,,,,,,3.251,,,3.271
2012-05-01,,,,,,3.054,,,3.027,,,,,,2.962,,,2.969,,,,,,3.082,,,3.021,,,,,,,,,3.053
2012-06-01,,,2.772,,,,,,2.771,,,,,,,,,,,,,,,,,,2.766,,,,,,,,,
2012-07-01,,,,,,2.956,,,,,,2.96,,,,,,,,,,,,,,,,,3.013,,,,,,,2.962
2012-08-01,,,,,,3.179,,,3.131,,,,,,3.095,,,3.109,,,,,,,,,3.135,,,,,,3.143,,,3.17
2012-09-01,,,,,,3.232,,,,,,,,,,,,,,,,,,,,,3.198,,,,,,,,,
2012-10-01,,,,,,,,,,,,,,,3.021,,,,,,,,,,,,,,,3.018,,,,,,
2012-11-01,,,,,,,,,,,,,,,2.897,,,,,,,,,,,,,,,,,,2.882,,,
2012-12-01,,,2.763,,,,,,,,,2.804,,,2.814,,,,,,,,,,,,,,,2.807,,,,,,
2013-01-01,,,2.83,,,,,,,,,,,,,,,2.893,,,,,,,,,,,,,,,,,,2.91
2013-02-01,,,,,,,,,,,,,,,,,,,,,,,,,,,3.065,,,3.093,,,,,,3.119
2013-03-01,,,,,,2.99,,,2.97,,,,,,2.997,,,,,,,,,,,,2.971,,,,,,,,,
2013-04-01,,,2.786,,,2.82,,,2.78,,,2.81,,,,,,,,,,,,,,,,,,2.822,,,,,,2.853
2013-05-01,,,,,,,,,,,,,,,,,,,,,,,,,,,,,,,,,2.918,,,2.943
2013-06-01,,,,,,,,,2.853,,,,,,,,,2.846,,,,,,,,,,,,,,,,,,
2013-07-01,,,,,,3.068,,,,,,,,,,,,2.981,,,,,,,,,,,,3.046,,,3.032,,,
2013-08-01,,,,,,,,,,,,,,,2.948,,,2.96,,,,,,,,,2.987,,,,,,,,,3.026
2013-09-01,,,,,,,,,,,,,,,,,,,,,,,,,,,,,,2.857,,,,,,
2013-10-01,,,,,,,,,,,,2.68,,,,,,2.71,,,,,,,,,,,,2.7,,,2.682,,,
2013-11-01,,,2.672,,,,,,,,,2.695,,,,,,,,,,,,,,,2.678,,,,,,,,,
2013-12-01,,,,,,,,,,,,,,,,,,,,,,,,,,,,,,2.79,,,,,,
2014-01-01,,,,,,,,,2.681,,,,,,,,,,,,,,,,,,2.697,,,,,,2.713,,,
2014-02-01,,,2.769,,,,,,2.759,,,,,,,,,,,,,,,,,,,,,,,,,,,
2014-03-01,,,2.837,,,,,,2.846,,,2.871,,,2.896,,,2.907,,,,,,,,,,,,,,,,,,2.854
2014-04-01,,,,,,,,,,,,,,,,,,,,,,,,,,,2.949,,,,,,,,,2.977
2014-05-01,,,,,,,,,,,,2.977,,,2.979,,,2.991,,,,,,,,,2.971,,,,,,,,,
2014-06-01,,,3.04,,,,,,3.029,,,3.055,,,,,,,,,,,,,,,3.042,,,,,,3.069,,,
2014-07-01,,,,,,,,,,,,,,,,,,,,,,,,,,,,,,2.955,,,,,,2.963
2014-08-01,,,,,,,,,2.756,,,2.784,,,,,,2.794,,,,,,,,,2.769,,,2.798,,,2.774,,,2.794
2014-09-01,,,,,,,,,,,,,,,,,,,,,,,,,,,2.691,,,,,,,,,
2014-10-01,,,2.343,,,2.382,,,,,,,,,2.414,,,,,,,,,,,,,,,2.388,,,,,,
2014-11-01,,,2.166,,,,,,,,,2.219,,,,,,,,,,,,,,,,,,,,,,,,2.198
2014-12-01,,,1.754,,,1.794,,,1.727,,,,,,,,,1.833,,,,,,,,,,,,1.798,,,,,,
2015-01-01,,,,,,,,,,,,1.404,,,,,,1.449,,,,,,,,,1.391,,,,,,,,,1.4
2015-02-01,,,,,,,,,1.559,,,1.586,,,,,,,,,,,,,,,,,,,,,,,,
2015-03-01,,,,,,,,,,,,,,,,,,1.708,,,,,,,,,1.655,,,,,,,,,
2015-04-01,,,,,,,,,,,,1.82,,,1.792,,,,,,,,,,,,1.798,,,,,,,,,
2015-05-01,,,,,,,,,,,,2.044,,,,,,,,,,,,,,,,,,,,,,,,
2015-06-01,,,2.088,,,,,,,,,,,,2.087,,,,,,,,,,,,,,,,,,,,,
2015-07-01,,,,,,,,,,,,,,,2.008,,,,,,,,,,,,1.999,,,2.043,,,,,,
2015-08-01,,,,,,,,,,,,1.768,,,1.761,,,1.79,,,,,,,,,1.726,,,1.779,,,,,,
2015-09-01,,,,,,,,,1.518,,,1.573,,,,,,,,,,,,,,,,,,1.568,,,,,,
2015-10-01,,,1.438,,,1.503,,,,,,,,,1.511,,,,,,,,,,,,,,,,,,,,,
2015-11-01,,,,,,,,,,,,1.474,,,1.497,,,1.515,,,,,,,,,1.442,,,1.483,,,,,,
2015-12-01,,,1.33,,,,,,1.332,,,1.367,,,,,,1.425,,,,,,,,,1.334,,,,,,,,,
2016-01-01,,,,,,1.22,,,,,,,,,,,,,,,,,,,,,,,,1.21,,,,,,
2016-02-01,,,,,,1.104,,,,,,,,,,,,,,,,,,,,,,,,1.093,,,,,,
2016-03-01,,,1.232,,,,,,,,,,,,,,,,,,,,,,,,,,,1.272,,,,,,
2016-04-01,,,1.454,,,1.503,,,,,,,,,,,,,,,,,,,,,,,,,,,,,,
2016-05-01,,,,,,,,,,,,,,,,,,,,,,,,,,,,,,,,,,,,
2016-06-01,,,,,,1.634,,,,,,,,,,,,1.623,,,,,,,,,,,,1.622,,,,,,
2016-07-01,,,1.43,,,,,,,,,1.469,,,,,,,,,,,,,,,,,,,,,,,,
2016-08-01,,,,,,,,,,,,1.485,,,,,,,,,,,,,,,,,,,,,,,,
2016-09-01,,,1.453,,,1.501,,,,,,1.48,,,1.484,,,,,,,,,,,,,,,,,,,,,
2016-10-01,,,1.519,,,,,,,,,,,,1.559,,,1.576,,,,,,,,,,,,1.563,,,,,,
2016-11-01,,,,,,,,,,,,1.495,,,1.483,,,,,,,,,,,,1.446,,,1.483,,,,,,
2016-12-01,,,,,,1.628,,,,,,1.633,,,1.621,,,,,,,,,,,,1.589,,,,,,,,,
2017-01-01,,,1.594,,,1.638,,,1.598,,,1.636,,,1.627,,,,,,,,,,,,,,,1.629,,,,,,
2017-02-01,,,1.547,,,1.591,,,1.552,,,,,,1.578,,,,,,,,,,,,,,,1.579,,,,,,
2017-03-01,,,,,,,,,1.519,,,,,,,,,1.559,,,,,,,,,1.512,,,1.547,,,,,,
2017-04-01,,,,,,,,,,,,1.698,,,,,,,,,,,,,,,,,,1.689,,,,,,1.661
2017-05-01,,,1.626,,,,,,1.622,,,,,,1.625,,,1.648,,,,,,,,,1.611,,,,,,,,,
2017-06-01,,,1.529,,,1.58,,,1.52,,,1.558,,,,,,,,,,,,,,,1.519,,,,,,,,,
2017-07-01,,,,,,,,,,,,1.631,,,,,,1.627,,,,,,,,,,,,,,,,,,
2017-08-01,,,,,,,,,,,,,,,1.671,,,1.699,,,,,,,,,,,,,,,,,,
2017-09-01,,,1.838,,,1.89,,,1.837,,,,,,,,,1.88,,,,,,,,,,,,1.88,,,,,,
2017-10-01,,,,,,,,,,,,1.698,,,,,,1.72,,,,,,,,,1.666,,,,,,,,,
2017-11-01,,,,,,,,,1.763,,,,,,,,,,,,,,,,,,,,,,,,,,,
2017-12-01,,,,,,,,,,,,,,,,,,1.754,,,,,,,,,,,,,,,1.673,,,
2018-01-01,,,,,,,,,1.815,,,1.844,,,1.852,,,,,,,,,,,,,,,,,,,,,1.825
2018-02-01,,,1.773,,,,,,1.776,,,,,,,,,,,,,,,,,,,,,1.814,,,1.756,,,1.79
2018-03-01,,,1.794,,,1.838,,,1.799,,,1.829,,,,,,,,,,,,,,,1.8,,,,,,1.78,,,
2018-04-01,,,,,,2.028,,,1.966,,,,,,2.031,,,,,,,,,,,,,,,,,,,,,2.001
2018-05-01,,,,,,,,,2.168,,,,,,,,,,,,,,,,,,2.174,,,,,,,,,
2018-06-01,,,2.124,,,2.168,,,2.1,,,2.128,,,2.128,,,,,,,,,,,,,,,,,,,,,2.131
2018-07-01,,,,,,2.183,,,,,,2.15,,,2.157,,,,,,,,,,,,2.13,,,2.169,,,,,,
2018-08-01,,,,,,2.152,,,,,,2.109,,,2.142,,,2.173,,,,,,,,,,,,,,,,,,
2018-09-01,,,,,,,,,2.067,,,,,,,,,2.163,,,,,,,,,2.09,,,,,,,,,2.114
2018-10-01,,,,,,,,,,,,1.997,,,,,,,,,,,,,,,,,,,,,,,,
2018-11-01,,,,,,1.679,,,,,,,,,1.729,,,,,,,,,,,,,,,,,,,,,
2018-12-01,,,1.467,,,,,,,,,,,,1.554,,,1.575,,,,,,,,,,,,,,,,,,
2019-01-01,,,,,,,,,,,,,,,1.532,,,,,,,,,,,,1.457,,,1.488,,,1.445,,,1.478
2019-02-01,,,,,,1.591,,,,,,,,,1.629,,,1.654,,,,,,,,,1.554,,,,,,,,,
2019-03-01,,,,,,,,,1.758,,,,,,,,,,,,,,,,,,1.779,,,,,,,,,
2019-04-01,,,,,,2.045,,,1.985,,,,,,2.049,,,,,,,,,,,,,,,,,,2.019,,,
2019-05-01,,,,,,,,,,,,2.041,,,2.063,,,,,,,,,,,,2.024,,,,,,,,,
2019-06-01,,,,,,1.897,,,1.836,,,1.874,,,,,,,,,,,,,,,,,,,,,1.865,,,1.904
2019-07-01,,,,,,2.011,,,,,,,,,,,,2.026,,,,,,,,,1.955,,,,,,1.963,,,
2019-08-01,,,,,,1.811,,,,,,,,,,,,1.835,,,,,,,,,1.755,,,1.805,,,,,,
2019-09-01,,,1.703,,,,,,,,,,,,1.767,,,,,,,,,,,,,,,,,,,,,
2019-10-01,,,1.711,,,,,,,,,,,,1.778,,,1.808,,,,,,,,,,,,,,,,,,
2019-11-01,,,1.719,,,,,,1.7,,,,,,,,,,,,,,,,,,,,,,,,,,,
2019-12-01,,,,,,1.771,,,,,,,,,,,,,,,,,,,,,1.729,,,1.769,,,,,,
2020-01-01,,,,,,1.726,,,,,,1.695,,,,,,1.78,,,,,,,,,1.684,,,1.726,,,,,,
2020-02-01,,,,,,,,,,,,1.594,,,,,,,,,,,,,,,1.591,,,,,,,,,1.634
2020-03-01,,,,,,,,,.993,,,1.031,,,,,,,,,,,,,,,1.019,,,,,,,,,
2020-04-01,,,,,,,,,,,,,,,.654,,,.679,,,,,,,,,.659,,,,,,,,,
2020-05-01,,,1.071,,,1.122,,,,,,1.01,,,,,,1.021,,,,,,,,,,,,1.07,,,,,,
2020-06-01,,,1.322,,,,,,,,,1.245,,,,,,1.265,,,,,,,,,,,,1.313,,,,,,
2020-07-01,,,,,,,,,1.303,,,,,,,,,1.36,,,,,,,,,,,,1.409,,,1.347,,,
2020-08-01,,,,,,1.371,,,,,,1.332,,,,,,,,,,,,,,,,,,,,,,,,
2020-09-01,,,1.289,,,,,,,,,1.298,,,,,,,,,,,,,,,,,,1.331,,,,,,
2020-10-01,,,1.252,,,,,,1.228,,,1.263,,,1.278,,,,,,,,,,,,,,,,,,1.269,,,1.329
2020-11-01,,,,,,,,,,,,1.247,,,1.265,,,,,,,,,,,,,,,,,,1.251,,,1.308
2020-12-01,,,,,,,,,1.339,,,,,,1.389,,,1.409,,,,,,,,,,,,,,,1.38,,,
2021-01-01,,,,,,1.577,,,,,,,,,,,,,,,,,,,,,,,,,,,,,,
2021-02-01,,,,,,,,,,,,,,,,,,,,,,,,,,,1.727,,,1.764,,,,,,1.804
2021-03-01,,,1.876,,,,,,,,,,,,1.919,,,,,,,,,,,,,,,,,,,,,
2021-04-01,,,,,,,,,,,,,,,,,,1.959,,,,,,,,,1.891,,,,,,,,,
2021-05-01,,,2.077,,,,,,,,,2.089,,,2.116,,,,,,,,,,,,,,,,,,2.107,,,2.164
2021-06-01,,,2.14,,,2.192,,,2.118,,,,,,,,,2.194,,,,,,,,,,,,,,,,,,
2021-07-01,,,2.205,,,,,,2.184,,,,,,,,,,,,,,,,,,2.202,,,,,,,,,2.267
2021-08-01,,,,,,2.246,,,,,,,,,2.228,,,,,,,,,,,,,,,,,,,,,2.276
2021-09-01,,,,,,2.281,,,,,,2.256,,,2.271,,,,,,,,,,,,2.235,,,,,,,,,
2021-10-01,,,,,,,,,,,,,,,,,,2.509,,,,,,,,,,,,,,,2.467,,,
2021-11-01,,,,,,2.539,,,,,,,,,,,,,,,,,,,,,2.487,,,2.528,,,2.502,,,
2021-12-01,,,,,,,,,,,,2.299,,,,,,,,,,,,,,,2.294,,,,,,2.31,,,
2022-01-01,,,2.376,,,,,,,,,2.379,,,2.436,,,,,,,,,,,,,,,,,,2.384,,,
2022-02-01,,,,,,,,,2.58,,,,,,2.647,,,2.674,,,,,,,,,2.604,,,2.639,,,2.625,,,
2022-03-01,,,,,,,,,,,,3.058,,,,,,,,,,,,,,,,,,3.107,,,3.117,,,
